Customer_ID,Customer_Name,Stripe_ID,Revenue,Date
NET0902,Jamie Smith,PAY0713,4137.46955765496,2025-03-01
NET0389,Jordan Davis,PAY0621,950.2550744182452,2025-03-02
NET0262,Taylor Brown,PAY0012,3538.000828970875,2025-03-03
NET0468,Jamie Thomas,PAY0952,2011.8535811848285,2025-03-04
NET0986,Jamie Jackson,PAY0295,2762.458351638594,2025-03-05
NET0012,Robin Smith,PAY0562,3942.0675523820814,2025-03-06
NET0232,Alex Johnson,PAY0784,2027.9274117188336,2025-03-07
NET0678,Taylor Davis,PAY0559,3266.725430994064,2025-03-08
NET0310,Avery Jackson,PAY0201,2135.0043741049235,2025-03-09
NET0472,Alex Thomas,PAY0861,2461.9600952261226,2025-03-10
NET0170,Taylor Thomas,,2736.282701488576,2025-03-11
NET0660,Robin Davis,PAY0496,4313.0034236869415,2025-03-12
NET0530,Riley Jackson,PAY0975,4042.173239133844,2025-03-13
NET0698,Jordan Smith,PAY0095,4281.712199199977,2025-03-14
NET0929,Morgan Taylor,PAY0536,2911.253105576041,2025-03-15
NET0144,Casey Wilson,PAY0506,1793.1000157683932,2025-03-16
NET0207,Morgan Davis,PAY0066,713.8911250080256,2025-03-17
NET0550,Casey Johnson,PAY0638,4983.024620122039,2025-03-18
NET0645,Jamie Taylor,PAY0826,2309.123084848475,2025-03-19
NET0260,Jamie Moore,PAY0797,1516.486896653289,2025-03-20
NET0001,Casey Jackson,PAY0058,3842.9961153174554,2025-03-21
NET0275,Jordan Smith,PAY0236,913.8102585798556,2025-03-22
NET0742,Riley Thomas,PAY0190,4298.840978010518,2025-03-23
NET0603,Jamie Taylor,PAY0922,926.3012682154096,2025-03-24
NET0515,Jamie Thomas,PAY0772,2015.771275238262,2025-03-25
NET0123,Jordan Jackson,PAY0884,802.713994301314,2025-03-26
NET0565,Casey Jackson,PAY0059,4105.335521621901,2025-03-27
NET0829,Taylor Johnson,PAY0035,2638.707652106706,2025-03-28
NET0223,Alex Davis,PAY0827,1443.8262139478634,2025-03-29
NET0443,Jordan Johnson,PAY0229,4080.432872064241,2025-03-30
NET0858,Taylor Johnson,PAY0773,3431.9156609984134,2025-03-31
NET0910,Robin Wilson,PAY0665,1858.311565748437,2025-04-01
NET0771,Riley Moore,PAY0113,4118.570203703572,2025-04-02
NET0209,Morgan Moore,PAY0875,2448.0971804675096,2025-04-03
NET0991,Casey Davis,PAY0838,2929.764106199804,2025-04-04
NET0854,Jordan Johnson,PAY0176,1400.3464345962857,2025-04-05
NET0582,Quinn Brown,PAY0599,2310.354300817039,2025-04-06
NET0082,Avery Davis,PAY1000,3312.3374418851845,2025-04-07
NET0933,Morgan Anderson,PAY0025,2539.528723970213,2025-04-08
NET0898,Robin Wilson,PAY0478,3935.489967197412,2025-04-09
NET0129,Avery Davis,PAY0647,1312.7038289907168,2025-04-10
NET0589,Casey Smith,PAY0824,583.7149495281108,2025-04-11
NET0217,Taylor Smith,PAY0182,3664.992405645613,2025-04-12
NET0570,Casey Taylor,PAY0931,4382.194130416403,2025-04-13
NET0159,Jordan Johnson,PAY0639,3095.794828581932,2025-04-14
NET0949,Taylor Jackson,PAY0750,1458.2876225831203,2025-04-15
NET0088,Casey Davis,PAY0204,4829.526835736528,2025-04-16
NET0647,Riley Taylor,PAY0180,3839.936049442466,2025-04-17
NET0609,Riley Brown,PAY0505,2602.828910244344,2025-04-18
NET0444,Jordan Brown,PAY0974,4717.2331651350005,2025-04-19
NET0317,Taylor Thomas,PAY0581,2897.237007619445,2025-04-20
NET0672,Avery Wilson,PAY0022,3264.900340419157,2025-04-21
NET0785,Quinn Taylor,PAY0730,3961.036243146369,2025-04-22
NET0332,Quinn Taylor,PAY0196,2451.760181828303,2025-04-23
NET0019,Casey Davis,,3047.523992283402,2025-04-24
NET0507,Morgan Thomas,PAY0565,3320.4131220986505,2025-04-25
NET0202,Riley Johnson,PAY0606,2850.213135800631,2025-04-26
NET0537,Alex Johnson,PAY0888,2139.2360112159704,2025-04-27
NET0077,Morgan Brown,PAY0707,1164.846599710604,2025-04-28
NET0691,Robin Jackson,PAY0636,1177.1269430141956,2025-04-29
NET0363,Jamie Taylor,PAY0684,3583.879865295331,2025-04-30
NET0349,Robin Jackson,PAY0097,1851.240536559738,2025-05-01
NET0163,Riley Thomas,PAY0093,2459.24952884146,2025-05-02
NET0786,Jordan Thomas,PAY0416,1933.939310691034,2025-05-03
NET0983,Alex Johnson,PAY0343,4235.964712501467,2025-05-04
NET0823,Avery Wilson,PAY0199,789.9238828768854,2025-05-05
NET0677,Jordan Taylor,PAY0549,2355.9727087706806,2025-05-07
NET0280,Morgan Anderson,PAY0896,4206.698170242464,2025-05-08
NET0506,Alex Wilson,PAY0014,3407.191941310684,2025-05-09
NET0987,Avery Brown,PAY0435,1654.009856960528,2025-05-10
NET0188,Avery Johnson,PAY0207,3205.5452135397804,2025-05-11
NET0502,Jordan Thomas,PAY0593,2326.396726617033,2025-05-12
NET0308,Quinn Davis,PAY0793,1011.0135948272804,2025-05-13
NET0118,Morgan Moore,PAY0485,1363.6220516612289,2025-05-14
NET0414,Morgan Thomas,PAY0653,1605.1397441826864,2025-05-15
NET0494,Avery Smith,PAY0074,4222.529708574954,2025-05-16
NET0239,Quinn Moore,PAY0432,2588.71865409777,2025-05-17
NET0351,Riley Smith,PAY0809,3019.212547397755,2025-05-18
NET0782,Jamie Moore,PAY0251,2462.598099552736,2025-05-19
NET0800,Jordan Davis,PAY0990,3411.149230416494,2025-05-20
NET0369,Alex Davis,PAY0869,666.5168062519822,2025-05-21
NET0206,Quinn Johnson,PAY0341,1217.1131985426234,2025-05-22
NET0960,Jamie Anderson,PAY0950,1113.9378296668706,2025-05-23
NET0655,Jamie Thomas,PAY0132,1662.7858136111067,2025-05-24
NET0418,Morgan Brown,PAY0438,4115.921823307677,2025-05-25
NET0493,Riley Thomas,PAY0685,3464.018206880819,2025-05-26
NET0525,Morgan Wilson,PAY0079,1291.9334985265298,2025-05-27
NET0521,Avery Jackson,PAY0710,4336.344578788025,2025-05-28
NET0294,Robin Davis,PAY0230,4837.041007363297,2025-05-29
NET0338,Avery Davis,PAY0362,2686.288844943433,2025-05-30
NET0411,Jordan Taylor,PAY0493,589.589336879348,2025-05-31
NET0016,Casey Anderson,PAY0302,4368.128013121148,2025-06-01
NET0765,Avery Anderson,PAY0151,877.6829347951071,2025-06-02
NET0557,Jamie Davis,PAY0306,3207.1988309987355,2025-06-03
NET0003,Taylor Johnson,PAY0619,4402.273008868975,2025-06-04
NET0538,Casey Smith,PAY0864,4552.586982383565,2025-06-05
NET0359,Quinn Thomas,PAY0535,2331.530832018551,2025-06-06
NET0378,Taylor Jackson,PAY0311,2135.4541035184584,2025-06-07
NET0449,Taylor Smith,PAY0216,3458.4377146194656,2025-06-08
NET0700,Jamie Smith,PAY0720,906.3783160301124,2025-06-09
NET0733,Taylor Johnson,PAY0442,4744.229639166199,2025-06-10
NET0063,Alex Moore,PAY0855,3759.055039229812,2025-06-11
NET0579,Jamie Thomas,PAY0895,1132.5206835730758,2025-06-12
NET0479,Taylor Wilson,PAY0703,1003.6956375046086,2025-06-13
NET0652,Riley Davis,PAY0417,3805.1618319088097,2025-06-14
NET0775,Avery Brown,PAY0583,4698.20951329836,2025-06-15
NET0989,Quinn Jackson,PAY0459,2848.8090149237,2025-06-16
NET0168,Riley Davis,PAY0893,4230.41712203539,2025-06-17
NET0324,Riley Taylor,,4773.535251528184,2025-06-18
NET0809,Taylor Johnson,PAY0925,4692.000313577582,2025-06-19
NET0936,Jamie Taylor,PAY0725,1633.136262998208,2025-06-20
NET0586,Casey Taylor,PAY0520,4480.541880474385,2025-06-21
NET0085,Robin Anderson,PAY0683,1571.3458485841447,2025-06-22
NET0396,Alex Johnson,PAY0676,1050.245750541679,2025-06-23
NET0893,Alex Taylor,PAY0567,4130.092605280477,2025-06-24
NET0810,Casey Johnson,PAY0558,1981.7865993492585,2025-06-25
NET0850,Taylor Davis,PAY0780,3129.467992615429,2025-06-26
NET0251,Taylor Thomas,PAY0149,2254.778009848946,2025-06-27
NET0919,Riley Brown,PAY0042,3867.6840316341472,2025-06-28
NET0020,Robin Brown,PAY0900,1561.721356285739,2025-06-29
NET0926,Jordan Anderson,PAY0960,2402.910493172986,2025-06-30
NET0725,Taylor Johnson,PAY0594,1149.2505891670514,2025-07-01
NET0078,Riley Thomas,PAY0905,1288.1941494605603,2025-07-02
NET0391,Jamie Smith,PAY0279,4864.655641730599,2025-07-03
NET0927,Avery Smith,PAY0840,2477.6393572814013,2025-07-04
NET0339,Jamie Davis,PAY0409,1644.3766421306857,2025-07-05
NET0878,Morgan Taylor,PAY0776,3152.664249775293,2025-07-06
NET0255,Riley Anderson,PAY0198,2706.6136106894523,2025-07-07
NET0828,Taylor Taylor,PAY0511,2186.172430576978,2025-07-08
NET0256,Robin Wilson,PAY0344,2407.0159244302176,2025-07-11
NET0930,Riley Wilson,PAY0241,3572.3230139058837,2025-07-12
NET0276,Robin Thomas,PAY0167,4834.919029845311,2025-07-13
NET0697,Riley Brown,PAY0995,4457.450933972221,2025-07-14
NET0978,Taylor Wilson,PAY0244,4716.375311107203,2025-07-15
NET0345,Taylor Smith,PAY0712,2133.491055209174,2025-07-16
NET0305,Quinn Thomas,PAY0446,3720.52053104957,2025-07-17
NET0495,Alex Moore,PAY0938,4196.14414786377,2025-07-18
NET0903,Alex Smith,PAY0738,594.8339470050415,2025-07-19
NET0038,Quinn Anderson,,4850.623217027875,2025-07-20
NET0405,Avery Thomas,PAY0573,3226.166297917384,2025-07-21
NET0803,Morgan Smith,PAY0915,4286.628349330453,2025-07-22
NET0621,Avery Johnson,PAY0037,3480.0054549815945,2025-07-23
NET0157,Morgan Johnson,,4733.817243918967,2025-07-24
NET0403,Quinn Johnson,PAY0688,3608.0710487705305,2025-07-25
NET0773,Taylor Taylor,,4049.612198190344,2025-07-26
NET0558,Jamie Jackson,PAY0174,1578.541231441669,2025-07-27
NET0682,Taylor Jackson,PAY0716,2987.27556490232,2025-07-28
NET0365,Quinn Smith,PAY0538,1891.7082576101327,2025-07-29
NET0311,Quinn Johnson,PAY0152,4813.176253086146,2025-07-30
NET0128,Robin Jackson,PAY0983,2132.8479428902783,2025-07-31
NET0706,Quinn Thomas,PAY0908,4155.126345035564,2025-08-01
NET0318,Casey Wilson,PAY0444,1049.241959356502,2025-08-02
NET0216,Taylor Moore,PAY0222,4401.288208095122,2025-08-03
NET0104,Taylor Wilson,PAY0181,4359.412126174662,2025-08-04
NET0859,Robin Brown,PAY0148,2248.119566853325,2025-08-05
NET0052,Jordan Anderson,PAY0225,4594.050949986024,2025-08-06
NET0087,Casey Johnson,PAY0981,2268.390057040626,2025-08-07
NET0261,Alex Anderson,PAY0949,4900.967844804153,2025-08-08
NET0235,Quinn Jackson,PAY0329,1649.9016050547114,2025-08-09
NET0440,Jamie Johnson,PAY0290,906.1264746893254,2025-08-10
NET0337,Avery Davis,PAY0195,4202.184765823227,2025-08-11
NET0937,Avery Wilson,PAY0277,1559.572047281288,2025-08-12
NET0601,Morgan Moore,PAY0530,1446.7392106903735,2025-08-13
NET0271,Jamie Davis,PAY0755,4506.110274948347,2025-08-14
NET0715,Casey Wilson,PAY0373,4621.508605590509,2025-08-15
NET0037,Morgan Anderson,PAY0923,3341.087161953222,2025-08-16
NET0282,Avery Wilson,PAY0324,4457.602613829932,2025-08-17
NET0203,Quinn Thomas,PAY0731,3950.334052741026,2025-08-18
NET0880,Alex Thomas,PAY0533,2328.29967179841,2025-08-19
NET0651,Jordan Johnson,PAY0316,652.4675654855691,2025-08-20
NET0289,Morgan Wilson,PAY0948,4399.000647369217,2025-08-21
NET0027,Avery Brown,PAY0153,4732.229390834372,2025-08-23
NET0833,Jordan Wilson,PAY0082,2619.9107752460154,2025-08-24
NET0408,Quinn Davis,PAY0264,2358.325933435838,2025-08-25
NET0230,Casey Davis,PAY0764,4285.235598662868,2025-08-26
NET0458,Riley Wilson,PAY0916,4445.425522576703,2025-08-28
NET0564,Alex Johnson,PAY0083,4191.085897026807,2025-08-29
NET0174,Robin Wilson,PAY0129,4209.803895812816,2025-08-30
NET0240,Alex Smith,PAY0682,3643.16984395955,2025-08-31
NET0018,Casey Brown,PAY0782,2778.5053126413563,2025-09-01
NET0390,Jordan Brown,PAY0372,2083.3535596275133,2025-09-02
NET0110,Riley Thomas,PAY0351,3209.5217390473344,2025-09-03
NET0808,Robin Thomas,PAY0205,4160.42621780019,2025-09-04
NET0220,Alex Johnson,PAY0591,3820.034842718076,2025-09-05
NET0872,Jamie Brown,PAY0965,2539.6778891119766,2025-09-06
NET0723,Avery Smith,PAY0767,623.0790200001707,2025-09-07
NET0302,Casey Jackson,PAY0355,734.4447030587311,2025-09-08
NET0954,Avery Brown,PAY0986,3387.1663013609373,2025-09-09
NET0409,Robin Brown,PAY0317,3335.703536833244,2025-09-10
NET0781,Alex Wilson,,4059.586930162792,2025-09-11
NET0421,Casey Smith,PAY0447,1112.4150046247323,2025-09-12
NET0614,Casey Davis,PAY0405,2302.978324892661,2025-09-13
NET0964,Taylor Johnson,PAY0052,3327.333229593664,2025-09-14
NET0487,Robin Jackson,PAY0387,870.0442314053093,2025-09-16
NET0764,Morgan Davis,PAY0099,1210.2009774984122,2025-09-17
NET0834,Morgan Brown,PAY0218,2823.646509729607,2025-09-18
NET0327,Robin Smith,PAY0890,4863.4906407761055,2025-09-19
NET0011,Morgan Moore,PAY0273,4237.796216616873,2025-09-20
NET0370,Robin Davis,PAY0679,3934.232164810734,2025-09-21
NET0265,Jordan Brown,PAY0652,4311.321934111957,2025-09-22
NET0673,Jamie Taylor,PAY0348,3585.8902025701323,2025-09-23
NET0323,Alex Anderson,PAY0956,4066.8903270913806,2025-09-24
NET0729,Taylor Davis,PAY0283,1937.2960815705696,2025-09-25
NET0442,Riley Moore,PAY0248,2652.644659808101,2025-09-26
NET0127,Jordan Davis,PAY0390,3808.2744896471054,2025-09-27
NET0985,Taylor Smith,,1673.059458141443,2025-09-28
NET0134,Taylor Taylor,PAY0486,3593.6009225889434,2025-09-29
NET0504,Casey Wilson,PAY0812,4220.458742038249,2025-09-30
NET0817,Jamie Wilson,PAY0585,4097.879005730807,2025-10-01
NET0032,Casey Thomas,PAY0833,1393.9867383226397,2025-10-02
NET0081,Robin Thomas,PAY0509,2365.2339104875773,2025-10-03
NET0195,Casey Smith,PAY0266,1318.5016421282571,2025-10-04
NET0029,Jamie Wilson,PAY0477,4443.75505818382,2025-10-05
NET0105,Morgan Jackson,PAY0963,4751.407196790395,2025-10-06
NET0358,Jordan Smith,PAY0510,4479.536436995548,2025-10-07
NET0132,Jamie Jackson,PAY0091,1510.1921006538405,2025-10-08
NET0974,Robin Moore,PAY0382,4766.491477216522,2025-10-09
NET0109,Casey Taylor,PAY0110,4654.005583475418,2025-10-10
NET0900,Quinn Thomas,PAY0175,3411.980101868616,2025-10-11
NET0913,Jamie Taylor,PAY0618,3319.823108830918,2025-10-12
NET0321,Quinn Davis,PAY0008,4580.801512303908,2025-10-13
NET0569,Jordan Smith,PAY0735,4883.574072874427,2025-10-14
NET0372,Robin Smith,PAY0260,1392.1979120226515,2025-10-15
NET0970,Avery Thomas,PAY0186,3655.675193915061,2025-10-16
NET0835,Taylor Moore,PAY0744,1259.401803642685,2025-10-17
NET0048,Robin Johnson,PAY0704,2304.657099999623,2025-10-18
NET0541,Casey Jackson,PAY0808,2430.06515653258,2025-10-19
NET0360,Casey Johnson,PAY0971,1670.7100098701594,2025-10-20
NET0908,Jordan Thomas,PAY0835,900.7757031258036,2025-10-21
NET0122,Jordan Taylor,PAY0338,2155.6406934973074,2025-10-22
NET0182,Casey Taylor,PAY0959,4762.595788036235,2025-10-23
NET0580,Jordan Thomas,PAY0359,1028.077334638812,2025-10-24
NET0410,Morgan Davis,PAY0928,3733.625407265645,2025-10-25
NET0320,Robin Taylor,PAY0553,2458.2143089183937,2025-10-26
NET0886,Morgan Jackson,PAY0213,4639.950720051541,2025-10-27
NET0708,Quinn Wilson,PAY0659,2541.685392876405,2025-10-28
NET0532,Robin Thomas,PAY0249,3531.245192316701,2025-10-29
NET0720,Alex Wilson,PAY0389,1033.3055705590375,2025-10-30
NET0749,Jordan Davis,PAY0460,3711.0367038410463,2025-10-31
NET0138,Robin Jackson,PAY0347,1357.4487437101857,2025-11-01
NET0613,Quinn Moore,PAY0570,4378.715259286432,2025-11-02
NET0669,Riley Anderson,PAY0166,4019.548745437807,2025-11-03
NET0044,Riley Davis,PAY0271,1795.8288778289675,2025-11-04
NET0433,Avery Anderson,PAY0051,2723.756709838888,2025-11-05
NET0814,Morgan Johnson,PAY0644,1085.8969907528804,2025-11-06
NET0997,Jordan Thomas,PAY0944,4353.519774449816,2025-11-07
NET0644,Quinn Moore,PAY0020,3200.372539237512,2025-11-08
NET0451,Jamie Davis,PAY0299,4978.433524879813,2025-11-09
NET0962,Jordan Davis,,1773.3526026471425,2025-11-10
NET0946,Taylor Brown,PAY0673,3547.348930330085,2025-11-11
NET0051,Alex Smith,PAY0801,2382.4894600485595,2025-11-12
NET0402,Taylor Anderson,PAY0939,2338.35845862393,2025-11-13
NET0259,Quinn Johnson,PAY0388,1156.7428345194385,2025-11-14
NET0975,Riley Taylor,PAY0883,1805.8683268172797,2025-11-15
NET0257,Quinn Davis,PAY0951,1678.0975875234997,2025-11-16
NET0638,Robin Anderson,PAY0114,3279.561080257558,2025-11-17
NET0941,Robin Davis,PAY0798,4582.977057378223,2025-11-18
NET0667,Morgan Smith,PAY0420,2163.3698278893817,2025-11-19
NET0863,Jamie Taylor,PAY0063,3579.201887641549,2025-11-20
NET0980,Avery Anderson,PAY0430,546.4410901812257,2025-11-22
NET0881,Alex Thomas,PAY0237,1099.4222121052117,2025-11-23
NET0822,Taylor Johnson,,1954.6069084465223,2025-11-24
NET0527,Riley Brown,PAY0862,3618.606010742457,2025-11-25
NET0862,Riley Thomas,PAY0811,3590.83602171376,2025-11-26
NET0106,Avery Jackson,PAY0790,3710.0117707679383,2025-11-27
NET0736,Casey Anderson,PAY0947,3688.039249962637,2025-11-28
NET0539,Quinn Thomas,PAY0481,3812.468474264306,2025-11-29
NET0757,Robin Thomas,PAY0517,1653.0151726957429,2025-11-30
NET0350,Riley Brown,PAY0154,928.75739936903,2025-12-01
NET0925,Riley Anderson,PAY0936,764.3854114003982,2025-12-02
NET0918,Jordan Davis,PAY0263,1997.881432546606,2025-12-03
NET0571,Jordan Thomas,,1556.7864784538435,2025-12-04
NET0461,Riley Davis,,4587.019418137949,2025-12-05
NET0848,Jordan Anderson,PAY0404,4985.327465300896,2025-12-06
NET0031,Jamie Wilson,PAY0539,4726.948730785861,2025-12-07
NET0820,Taylor Wilson,PAY0076,4852.444299385832,2025-12-08
NET0728,Casey Moore,,3192.0442968088896,2025-12-09
NET0658,Avery Johnson,PAY0111,3867.0882816935946,2025-12-10
NET0744,Morgan Brown,PAY0021,704.8034222731321,2025-12-11
NET0505,Taylor Taylor,PAY0697,1641.4559727194828,2025-12-12
NET0221,Morgan Davis,PAY0604,3288.460446255054,2025-12-13
NET0248,Jamie Taylor,PAY0047,1861.2831003878816,2025-12-14
NET0010,Robin Moore,PAY0993,2276.135664587312,2025-12-15
NET0319,Avery Anderson,PAY0542,2169.055458866597,2025-12-16
NET0552,Robin Smith,PAY0427,4856.260147057598,2025-12-17
NET0478,Taylor Taylor,PAY0350,3018.0217488487247,2025-12-18
NET0041,Robin Jackson,PAY0622,3112.191094511561,2025-12-19
NET0067,Alex Jackson,PAY0107,1671.312434706086,2025-12-20
NET0108,Robin Anderson,PAY0184,2766.8602482809065,2025-12-21
NET0612,Alex Moore,PAY0657,4686.471235202963,2025-12-22
NET0591,Jordan Taylor,PAY0540,4450.535383868082,2025-12-23
NET0670,Robin Thomas,PAY0515,1093.6379015700213,2025-12-24
NET0707,Avery Jackson,PAY0161,1927.9282405685635,2025-12-25
NET0066,Taylor Anderson,PAY0386,2886.907104016717,2025-12-26
NET0679,Taylor Wilson,PAY0763,1138.0808030950056,2025-12-27
NET0061,Robin Anderson,PAY0521,1025.789252740988,2025-12-28
NET0407,Alex Taylor,PAY0789,698.7297266969433,2025-12-29
NET0432,Casey Taylor,PAY0614,1075.4217263046485,2025-12-30
NET0791,Morgan Anderson,PAY0554,4422.558016182271,2025-12-31
NET0762,Morgan Jackson,,4256.618170175723,2026-01-01
NET0268,Avery Smith,PAY0920,3865.205154736824,2026-01-02
NET0306,Robin Jackson,PAY0104,4668.066691125833,2026-01-03
NET0484,Quinn Smith,PAY0734,1773.1647868645712,2026-01-04
NET0772,Jamie Taylor,PAY0476,4446.213734779311,2026-01-05
NET0348,Morgan Anderson,PAY0732,3258.1920678403326,2026-01-06
NET0548,Morgan Smith,PAY0989,3927.037635223761,2026-01-07
NET0922,Jordan Taylor,PAY0632,1686.9107322869977,2026-01-08
NET0246,Casey Davis,PAY0860,1908.5464213862203,2026-01-09
NET0384,Riley Moore,PAY0328,4517.023144233429,2026-01-10
NET0712,Casey Taylor,PAY0640,1919.9431375854576,2026-01-11
NET0060,Jordan Taylor,PAY0666,4975.542796483162,2026-01-12
NET0361,Jordan Johnson,PAY0458,3936.539361441345,2026-01-13
NET0896,Riley Smith,PAY0757,1180.6913577060116,2026-01-14
NET0481,Avery Smith,PAY0067,4338.651475703997,2026-01-15
NET0059,Casey Davis,PAY0492,3458.3876495430977,2026-01-16
NET0631,Jamie Smith,PAY0768,4091.990824639448,2026-01-17
NET0273,Alex Davis,,739.4998472194355,2026-01-18
NET0270,Taylor Smith,PAY0304,1168.793631684424,2026-01-19
NET0315,Quinn Brown,PAY0039,1534.372455061495,2026-01-20
NET0842,Taylor Brown,PAY0851,661.380116761579,2026-01-21
NET0097,Riley Johnson,PAY0911,1671.0078361332214,2026-01-22
NET0688,Quinn Davis,PAY0910,3676.832881585492,2026-01-23
NET0867,Riley Wilson,PAY0259,2463.9343993522834,2026-01-24
NET0080,Casey Brown,PAY0049,4978.40784511185,2026-01-25
NET0633,Quinn Jackson,PAY0298,4672.428535126884,2026-01-26
NET0689,Jamie Brown,PAY0044,683.562688431431,2026-01-27
NET0480,Jordan Johnson,PAY0600,2104.3405231064826,2026-01-28
NET0981,Quinn Smith,PAY0913,3690.631140201131,2026-01-29
NET0566,Jordan Jackson,PAY0718,2683.3978150778908,2026-01-30
NET0249,Robin Taylor,PAY0267,2718.4484750495026,2026-01-31
NET0972,Taylor Johnson,PAY0930,4306.272579274608,2026-02-01
NET0973,Quinn Davis,PAY0421,4400.956851737512,2026-02-02
NET0266,Jamie Wilson,PAY0646,1056.4440531523474,2026-02-03
NET0957,Quinn Johnson,PAY0568,921.1004519224288,2026-02-04
NET0500,Quinn Smith,PAY0547,4406.778993297547,2026-02-05
NET0599,Casey Thomas,,1312.9473385013002,2026-02-06
NET0995,Robin Moore,PAY0252,1257.3275072478866,2026-02-07
NET0542,Jamie Thomas,PAY0407,2789.31993768791,2026-02-08
NET0662,Casey Smith,PAY0122,1727.5619919196756,2026-02-09
NET0050,Robin Anderson,PAY0272,4509.025350094732,2026-02-10
NET0399,Jamie Taylor,PAY0914,3135.548308162262,2026-02-11
NET0139,Casey Anderson,PAY0624,3125.9632594214413,2026-02-12
NET0435,Morgan Taylor,PAY0158,4872.3230959368175,2026-02-13
NET0855,Morgan Thomas,PAY0193,2867.0693296999807,2026-02-14
NET0576,Jordan Jackson,PAY0537,3068.545150105356,2026-02-15
NET0279,Avery Anderson,PAY0637,2373.8854612548603,2026-02-16
NET0519,Riley Taylor,PAY0453,845.7595825769633,2026-02-17
NET0637,Quinn Wilson,PAY0379,3957.1404214315,2026-02-18
NET0758,Casey Davis,PAY0356,3546.088322433632,2026-02-19
NET0094,Jamie Wilson,PAY0326,4493.154641084075,2026-02-20
NET0875,Riley Davis,PAY0472,616.8297587280391,2026-02-21
NET0100,Riley Jackson,PAY0278,3565.905551731624,2026-02-22
NET0264,Quinn Taylor,PAY0818,3562.8773424696865,2026-02-23
NET0040,Casey Smith,PAY0545,2273.7641124502743,2026-02-24
NET0420,Riley Moore,PAY0210,3156.523240217328,2026-02-25
NET0272,Morgan Anderson,PAY0004,4780.489325354357,2026-02-26
NET0150,Taylor Moore,PAY0680,4266.397438614983,2026-02-27
NET0441,Jordan Moore,PAY0778,1191.9896090770903,2026-02-28
NET0719,Jordan Jackson,PAY0280,864.7845653522704,2026-03-01
NET0685,Jordan Thomas,,4238.146515076458,2026-03-02
NET0419,Alex Thomas,PAY0253,3467.926954175144,2026-03-03
NET0666,Taylor Johnson,PAY0555,2543.2498181432875,2026-03-04
NET0699,Taylor Taylor,PAY0879,4798.406889378525,2026-03-05
NET0454,Riley Thomas,PAY0886,3173.9191670792425,2026-03-06
NET0028,Taylor Anderson,PAY0125,526.1241233529233,2026-03-07
NET0400,Riley Anderson,PAY0319,4863.967312107321,2026-03-08
NET0815,Alex Johnson,PAY0650,3452.7774065780777,2026-03-09
NET0070,Jordan Davis,PAY0289,4779.0318581384345,2026-03-10
NET0355,Robin Davis,PAY0693,1962.119607354572,2026-03-11
NET0965,Jordan Jackson,PAY0575,3791.953478002511,2026-03-12
NET0876,Casey Anderson,PAY0498,3804.438017911856,2026-03-13
NET0075,Avery Thomas,PAY0868,4808.312506129224,2026-03-14
NET0853,Casey Taylor,PAY0961,3061.2129612411622,2026-03-15
NET0398,Avery Moore,PAY0999,1451.1508746799436,2026-03-16
NET0737,Casey Anderson,PAY0494,719.0701187179297,2026-03-17
NET0394,Jordan Wilson,PAY0168,3396.398132840492,2026-03-18
NET0009,Jordan Davis,PAY0525,1954.26881009088,2026-03-19
NET0295,Jamie Davis,PAY0814,749.9076079361135,2026-03-20
NET0681,Casey Johnson,PAY0239,818.2584007248504,2026-03-21
NET0263,Avery Brown,PAY0036,4783.550848888694,2026-03-22
NET0192,Taylor Davis,PAY0206,2216.259184602495,2026-03-23
NET0425,Riley Wilson,PAY0418,2294.863236309868,2026-03-24
NET0618,Quinn Thomas,PAY0667,1301.0486035075824,2026-03-25
NET0511,Quinn Wilson,PAY0623,4842.72189415208,2026-03-26
NET0605,Jamie Davis,PAY0677,4394.81979828423,2026-03-27
NET0322,Jordan Davis,PAY0027,901.3473845444928,2026-03-28
NET0133,Casey Brown,PAY0345,4335.556249596196,2026-03-29
NET0916,Jordan Smith,PAY0258,1233.2330774386453,2026-03-30
NET0290,Avery Brown,PAY0480,4007.7164531557487,2026-03-31
NET0741,Jordan Smith,PAY0912,1782.2115004975794,2026-04-01
NET0298,Alex Thomas,PAY0293,3886.5135483067183,2026-04-02
NET0186,Jordan Brown,PAY0878,3443.289344710156,2026-04-03
NET0561,Riley Johnson,,1042.7089284618196,2026-04-04
NET0722,Alex Jackson,PAY0994,2708.8029392432563,2026-04-05
NET0750,Jordan Anderson,,2445.6128873787948,2026-04-06
NET0617,Riley Anderson,PAY0214,4128.589381632575,2026-04-07
NET0674,Casey Brown,PAY0641,1895.4558824509693,2026-04-08
NET0392,Alex Wilson,PAY0165,3582.328738389993,2026-04-09
NET0799,Riley Johnson,PAY0115,1090.790008125448,2026-04-10
NET0770,Jamie Taylor,PAY0729,3494.841332975788,2026-04-11
NET0650,Riley Johnson,PAY0671,4244.237934451965,2026-04-12
NET0331,Quinn Smith,PAY0424,2806.939515467142,2026-04-13
NET0563,Morgan Brown,PAY0366,2703.303661230884,2026-04-14
NET0768,Quinn Wilson,PAY0892,4484.358673888466,2026-04-15
NET0944,Jamie Davis,PAY0019,2643.978589833954,2026-04-16
NET0888,Jamie Thomas,PAY0598,3033.756846200923,2026-04-17
NET1000,Robin Jackson,PAY0077,2403.817611977462,2026-04-18
NET0705,Quinn Jackson,PAY0197,3904.207895706695,2026-04-19
NET0526,Taylor Thomas,PAY0187,4149.474618264005,2026-04-20
NET0064,Robin Anderson,PAY0242,3262.4050255015586,2026-04-21
NET0904,Riley Wilson,PAY0904,2453.476651296676,2026-04-22
NET0513,Quinn Taylor,PAY0919,2417.0769446958866,2026-04-23
NET0489,Jordan Jackson,PAY0479,681.9714032861334,2026-04-24
NET0154,Quinn Smith,PAY0023,2037.8518132844797,2026-04-25
NET0135,Quinn Johnson,PAY0617,2585.861940264554,2026-04-26
NET0684,Taylor Davis,PAY0261,1509.0359554756265,2026-04-27
NET0801,Jordan Johnson,PAY0482,3588.064411367175,2026-04-28
NET0406,Morgan Davis,PAY0752,1197.8136538565475,2026-04-29
NET0014,Morgan Thomas,PAY0491,2728.950141912357,2026-04-30
NET0630,Jamie Brown,PAY0371,3333.0181160011457,2026-05-01
NET0610,Alex Taylor,PAY0982,2861.0500274439564,2026-05-02
NET0568,Riley Jackson,PAY0526,1808.1636101527977,2026-05-03
NET0287,Riley Wilson,PAY0053,2468.099835189611,2026-05-04
NET0840,Alex Davis,PAY0762,4582.434699736171,2026-05-05
NET0584,Jordan Wilson,PAY0131,2649.251143274975,2026-05-06
NET0646,Riley Johnson,PAY0516,1168.7294239464256,2026-05-07
NET0473,Taylor Wilson,PAY0882,1075.053867544328,2026-05-08
NET0784,Quinn Davis,PAY0465,4563.066283999673,2026-05-09
NET0424,Robin Johnson,PAY0844,4286.920794240688,2026-05-10
NET0845,Avery Davis,PAY0899,2853.9142565786324,2026-05-11
NET0615,Morgan Wilson,,1829.6673525751423,2026-05-12
NET0252,Morgan Johnson,PAY0185,714.7772347887937,2026-05-13
NET0659,Alex Brown,PAY0262,844.3963388194073,2026-05-14
NET0984,Jordan Jackson,PAY0234,702.9270664629737,2026-05-15
NET0196,Quinn Wilson,PAY0473,984.344771488995,2026-05-16
NET0622,Riley Johnson,PAY0040,2412.110845436061,2026-05-17
NET0096,Riley Wilson,PAY0322,925.1796311956213,2026-05-18
NET0959,Robin Wilson,PAY0761,3473.8486427172643,2026-05-19
NET0071,Avery Thomas,PAY0365,3058.1519466468053,2026-05-20
NET0387,Riley Anderson,PAY0135,1640.2114897933554,2026-05-21
NET0939,Jamie Jackson,PAY0033,1646.8709195781903,2026-05-22
NET0364,Alex Taylor,PAY0610,867.9630269029024,2026-05-23
NET0237,Casey Jackson,PAY0785,2765.50055349774,2026-05-24
NET0522,Jordan Smith,PAY0866,1012.7097094977104,2026-05-25
NET0751,Jamie Davis,PAY0414,3477.102455369795,2026-05-26
NET0717,Quinn Jackson,PAY0863,1307.9848813846477,2026-05-27
NET0953,Alex Wilson,PAY0016,1319.9366054914458,2026-05-28
NET0597,Quinn Smith,PAY0395,2268.308018920304,2026-05-29
NET0921,Morgan Anderson,PAY0699,874.8075431073605,2026-05-30
NET0004,Avery Anderson,PAY0578,4445.399062109764,2026-05-31
NET0755,Jordan Brown,PAY0749,1839.413821047236,2026-06-01
NET0641,Quinn Taylor,PAY0823,3142.437746811107,2026-06-02
NET0388,Riley Johnson,PAY0448,2547.4916689700945,2026-06-03
NET0704,Riley Moore,PAY0400,3516.1693992075734,2026-06-04
NET0703,Robin Moore,PAY0996,3307.146773749987,2026-06-05
NET0172,Casey Johnson,PAY0901,1692.8347538113942,2026-06-06
NET0269,Morgan Moore,PAY0805,4850.238320466158,2026-06-07
NET0763,Robin Anderson,,4421.051682122254,2026-06-08
NET0889,Jordan Taylor,PAY0133,1342.3628021017284,2026-06-09
NET0156,Avery Smith,PAY0727,1332.893258720579,2026-06-10
NET0860,Riley Johnson,PAY0769,3861.631936727746,2026-06-11
NET0074,Casey Wilson,PAY0966,3218.237930289876,2026-06-12
NET0727,Casey Johnson,PAY0957,4422.271076815869,2026-06-13
NET0307,Robin Thomas,PAY0268,978.4879643626144,2026-06-14
NET0623,Alex Thomas,PAY0799,2904.692013417322,2026-06-15
NET0830,Riley Taylor,PAY0564,526.3118131250311,2026-06-16
NET0072,Alex Davis,PAY0084,1025.052171646585,2026-06-17
NET0602,Avery Moore,PAY0006,1272.8090804152516,2026-06-18
NET0459,Quinn Anderson,PAY0571,2647.039432605606,2026-06-19
NET0374,Riley Smith,PAY0588,3613.128034941197,2026-06-20
NET0218,Taylor Wilson,,4409.512344447723,2026-06-21
NET0560,Avery Brown,PAY0007,4846.117134013107,2026-06-22
NET0942,Jordan Anderson,PAY0894,3208.4934805825446,2026-06-23
NET0413,Riley Johnson,PAY0733,2690.251222719251,2026-06-24
NET0084,Alex Jackson,PAY0484,3283.247185193718,2026-06-25
NET0148,Taylor Brown,PAY0337,4882.648514772592,2026-06-26
NET0227,Jordan Thomas,PAY0380,2123.2795239089446,2026-06-27
NET0531,Alex Thomas,PAY0342,3532.114143178889,2026-06-28
NET0696,Robin Johnson,,3606.320094600024,2026-06-29
NET0713,Taylor Johnson,PAY0029,2277.487569457913,2026-06-30
NET0523,Riley Johnson,PAY0312,1861.9549639102677,2026-07-01
NET0616,Morgan Anderson,PAY0314,1062.9027046860213,2026-07-02
NET0690,Jordan Thomas,PAY0233,562.4416310981615,2026-07-03
NET0111,Jordan Taylor,PAY0060,1003.6062611032796,2026-07-04
NET0861,Riley Anderson,PAY0586,571.4836093198206,2026-07-05
NET0836,Taylor Anderson,PAY0887,4867.341636471413,2026-07-06
NET0448,Avery Brown,PAY0045,4365.554136191821,2026-07-07
NET0229,Robin Davis,PAY0126,1441.5326615052472,2026-07-08
NET0577,Quinn Thomas,PAY0876,3418.804497668101,2026-07-09
NET0578,Morgan Johnson,PAY0123,3423.82921716579,2026-07-10
NET0177,Jordan Taylor,PAY0955,2461.0481321022185,2026-07-11
NET0146,Casey Thomas,PAY0615,3317.2661800820533,2026-07-12
NET0947,Jordan Smith,PAY0374,4055.051914778511,2026-07-13
NET0191,Jordan Wilson,PAY0800,1359.1150372283232,2026-07-14
NET0198,Quinn Jackson,PAY0358,1854.130413113125,2026-07-15
NET0745,Riley Brown,PAY0159,2585.4149994756685,2026-07-16
NET0982,Riley Thomas,PAY0746,2632.9508937780297,2026-07-17
NET0438,Riley Moore,PAY0692,598.1757270102552,2026-07-18
NET0864,Avery Taylor,PAY0333,1185.9000796416049,2026-07-20
NET0841,Riley Moore,PAY0428,3661.691475687152,2026-07-21
NET0917,Taylor Davis,PAY0391,4837.400918325116,2026-07-22
NET0342,Quinn Taylor,,2621.701393934525,2026-07-23
NET0718,Taylor Taylor,PAY0301,4369.0840044828,2026-07-24
NET0058,Alex Moore,PAY0945,3133.5182122277724,2026-07-25
NET0326,Riley Taylor,PAY0335,1406.0228901113665,2026-07-26
NET0503,Robin Brown,PAY0160,3062.43707785404,2026-07-27
NET0524,Riley Smith,PAY0209,4252.273397615554,2026-07-28
NET0747,Morgan Thomas,PAY0081,729.1498109871541,2026-07-29
NET0639,Quinn Moore,PAY0318,535.4342644064562,2026-07-30
NET0529,Jamie Anderson,PAY0086,3336.8444615180256,2026-07-31
NET0740,Jamie Thomas,PAY0675,3708.917665802283,2026-08-01
NET0624,Riley Smith,PAY0157,4907.691220720012,2026-08-02
NET0201,Morgan Taylor,PAY0627,4318.7731745143565,2026-08-03
NET0285,Morgan Johnson,PAY0412,3816.8524101672742,2026-08-04
NET0761,Riley Wilson,,3181.2779775996014,2026-08-05
NET0200,Casey Jackson,PAY0775,2994.370363620062,2026-08-06
NET0692,Robin Johnson,PAY0514,1808.4853937221876,2026-08-07
NET0604,Casey Thomas,,2693.7343090665463,2026-08-08
NET0095,Robin Moore,PAY0997,2687.4543228007906,2026-08-09
NET0366,Riley Thomas,PAY0662,3159.676740026204,2026-08-10
NET0457,Alex Jackson,,3251.728819375964,2026-08-11
NET0891,Jamie Davis,,3554.005627131679,2026-08-12
NET0992,Jordan Davis,PAY0221,4175.101566347136,2026-08-13
NET0554,Jamie Taylor,PAY0848,2695.5567303566336,2026-08-14
NET0316,Jamie Johnson,PAY0015,3714.306479492568,2026-08-15
NET0574,Riley Brown,PAY0070,2877.389640253696,2026-08-16
NET0143,Jordan Smith,PAY0018,2399.0204639272024,2026-08-17
NET0683,Alex Moore,PAY0075,1921.32567606606,2026-08-18
NET0746,Alex Wilson,,785.7975602546326,2026-08-19
NET0897,Casey Moore,,4517.947382609184,2026-08-20
NET0347,Robin Brown,PAY0853,2377.118561425304,2026-08-21
NET0453,Taylor Thomas,PAY0431,2630.0208719539146,2026-08-22
NET0151,Robin Jackson,PAY0397,2726.549601570778,2026-08-23
NET0297,Morgan Brown,PAY0774,4725.3401421592325,2026-08-24
NET0787,Morgan Johnson,PAY0325,2060.4385101606267,2026-08-25
NET0732,Quinn Taylor,PAY0874,3638.814981751405,2026-08-26
NET0340,Quinn Davis,PAY0013,593.6311611980232,2026-08-27
NET0894,Riley Jackson,PAY0845,1796.0485165412806,2026-08-28
NET0906,Morgan Davis,PAY0601,1364.9058387546384,2026-08-29
NET0160,Riley Wilson,PAY0512,2047.3132541142256,2026-08-30
NET0328,Riley Wilson,PAY0247,1544.4640091386566,2026-08-31
NET0794,Alex Anderson,PAY0754,1488.6605526839508,2026-09-01
NET0819,Jordan Thomas,PAY0396,4590.815693753833,2026-09-02
NET0915,Morgan Johnson,PAY0658,2026.1884938762344,2026-09-03
NET0415,Riley Moore,PAY0246,3209.4505976180885,2026-09-04
NET0026,Quinn Wilson,PAY0056,4291.102105516167,2026-09-05
NET0125,Robin Wilson,PAY0933,3456.311614126733,2026-09-06
NET0940,Riley Wilson,PAY0839,1090.2135519257208,2026-09-07
NET0547,Taylor Taylor,PAY0194,1820.2731889000347,2026-09-08
NET0167,Riley Johnson,PAY0522,3701.233336751688,2026-09-09
NET0671,Taylor Taylor,PAY0531,4819.115157245657,2026-09-10
NET0460,Quinn Moore,PAY0865,4248.86335607906,2026-09-11
NET0928,Quinn Wilson,PAY0309,3528.982821377,2026-09-12
NET0587,Jordan Smith,PAY0028,3805.630844989047,2026-09-13
NET0353,Robin Wilson,PAY0292,4081.876986663504,2026-09-14
NET0911,Alex Jackson,PAY0977,4098.89776534764,2026-09-15
NET0036,Alex Jackson,PAY0825,4300.390777953832,2026-09-16
NET0189,Taylor Jackson,PAY0691,1771.0574687133649,2026-09-18
NET0968,Casey Davis,PAY0889,3871.6443582465017,2026-09-19
NET0760,Taylor Jackson,PAY0792,3501.754035599559,2026-09-20
NET0452,Jordan Brown,PAY0620,1080.9344930932666,2026-09-21
NET0931,Jamie Smith,PAY0582,1397.6790026084586,2026-09-22
NET0325,Jordan Anderson,PAY0783,3225.870532653002,2026-09-23
NET0043,Alex Jackson,PAY0127,954.0667650898624,2026-09-24
NET0120,Casey Brown,PAY0794,2371.9296287279285,2026-09-25
NET0244,Jamie Wilson,PAY0103,4971.952559216044,2026-09-26
NET0943,Casey Taylor,PAY0089,1866.4335202890268,2026-09-27
NET0158,Morgan Davis,PAY0223,1442.4482360909678,2026-09-28
NET0680,Morgan Thomas,PAY0454,711.7220125844738,2026-09-29
NET0549,Morgan Wilson,PAY0616,2106.6974367661423,2026-10-02
NET0165,Riley Wilson,PAY0715,1213.724592970435,2026-10-03
NET0171,Casey Johnson,PAY0451,4225.76909786148,2026-10-04
NET0870,Morgan Davis,PAY0871,643.8650349577509,2026-10-06
NET0663,Robin Thomas,PAY0969,786.4951381072875,2026-10-07
NET0629,Casey Johnson,PAY0544,2437.7920814816785,2026-10-08
NET0049,Robin Smith,PAY0071,3279.033146948413,2026-10-09
NET0635,Jordan Thomas,PAY0147,1043.096147693071,2026-10-10
NET0381,Jamie Anderson,PAY0137,1508.4303743291184,2026-10-11
NET0496,Casey Wilson,PAY0392,1660.1996345183454,2026-10-12
NET0233,Quinn Taylor,,2031.4589629470263,2026-10-13
NET0267,Casey Johnson,PAY0307,2098.5843946202285,2026-10-14
NET0934,Taylor Anderson,PAY0377,710.0436126100047,2026-10-15
NET0314,Alex Jackson,,4449.711412240569,2026-10-16
NET0620,Avery Moore,PAY0106,1703.7105600046336,2026-10-17
NET0581,Quinn Davis,PAY0741,1180.3026820744324,2026-10-18
NET0312,Jamie Anderson,PAY0092,3605.610120532144,2026-10-19
NET0640,Jordan Taylor,PAY0807,2819.243492329885,2026-10-20
NET0846,Jamie Brown,PAY0235,3512.686505680077,2026-10-21
NET0562,Alex Smith,PAY0073,3678.822127930068,2026-10-22
NET0950,Jordan Anderson,,4669.844443039631,2026-10-23
NET0335,Taylor Thomas,PAY0433,2557.110379128992,2026-10-25
NET0790,Morgan Taylor,PAY0124,4287.186383462991,2026-10-26
NET0593,Riley Moore,PAY0686,999.1888022867508,2026-10-27
NET0778,Avery Taylor,PAY0009,976.51336727616,2026-10-28
NET0693,Quinn Brown,PAY0787,3247.576447154964,2026-10-29
NET0533,Robin Johnson,PAY0456,4019.703159948761,2026-10-30
NET0238,Riley Jackson,PAY0953,4763.225722748087,2026-10-31
NET0023,Robin Wilson,PAY0232,4206.246026092231,2026-11-01
NET0657,Alex Moore,PAY0608,688.8624674296063,2026-11-02
NET0194,Taylor Anderson,PAY0634,974.3498768784724,2026-11-03
NET0299,Riley Davis,PAY0080,3334.66752269318,2026-11-04
NET0022,Casey Johnson,,4418.912633689031,2026-11-05
NET0455,Casey Thomas,PAY0219,4599.435967410899,2026-11-06
NET0431,Casey Smith,PAY0002,1206.646463107852,2026-11-07
NET0879,Taylor Johnson,PAY0094,2486.8305953505715,2026-11-09
NET0734,Riley Johnson,PAY0660,2776.534775218065,2026-11-10
NET0555,Taylor Jackson,PAY0240,3796.483523526916,2026-11-11
NET0938,Alex Smith,PAY0856,946.824075239381,2026-11-12
NET0301,Casey Davis,PAY0877,3411.918369209886,2026-11-13
NET0024,Morgan Jackson,PAY0054,2005.7338639067373,2026-11-14
NET0534,Taylor Johnson,,1119.9760888027067,2026-11-15
NET0675,Avery Davis,PAY0381,4318.67791271587,2026-11-16
NET0155,Quinn Davis,PAY0770,2475.988074119128,2026-11-17
NET0509,Taylor Moore,PAY0257,2370.8742742351205,2026-11-18
NET0152,Morgan Jackson,PAY0370,3960.6492372575694,2026-11-19
NET0115,Alex Wilson,PAY0668,1603.9222907771175,2026-11-20
NET0283,Morgan Brown,PAY0281,4141.153470661379,2026-11-21
NET0966,Avery Wilson,PAY0163,2035.9403140128572,2026-11-22
NET0112,Morgan Johnson,PAY0310,2772.602277030632,2026-11-23
NET0079,Alex Brown,PAY0695,883.5523776491752,2026-11-24
NET0296,Alex Moore,PAY0208,2175.963608312598,2026-11-25
NET0945,Taylor Jackson,PAY0907,3896.803456303021,2026-11-26
NET0401,Casey Smith,PAY0001,2122.895328942551,2026-11-27
NET0993,Morgan Wilson,PAY0468,3492.4786471168004,2026-11-28
NET0090,Alex Brown,,1182.2504653739045,2026-11-29
NET0958,Robin Thomas,PAY0162,3890.782269711988,2026-11-30
NET0193,Jamie Johnson,,2397.7499421124967,2026-12-01
NET0068,Riley Anderson,PAY0017,1526.8190176857593,2026-12-02
NET0377,Casey Thomas,PAY0471,4107.959053886703,2026-12-03
NET0839,Quinn Johnson,PAY0642,2360.3423843614028,2026-12-04
NET0463,Riley Thomas,PAY0102,2341.8919372654977,2026-12-05
NET0300,Taylor Jackson,PAY0048,2564.3887876218737,2026-12-06
NET0546,Alex Thomas,PAY0050,4335.757157375654,2026-12-07
NET0545,Jordan Anderson,PAY0902,4075.733058675333,2026-12-08
NET0753,Alex Smith,PAY0786,2127.984663447969,2026-12-09
NET0126,Riley Taylor,PAY0758,633.9331715673513,2026-12-10
NET0540,Robin Johnson,PAY0134,1155.1293765431892,2026-12-11
NET0514,Riley Anderson,PAY0847,544.7692105868142,2026-12-12
NET0498,Jamie Johnson,PAY0561,4128.110895515003,2026-12-13
NET0743,Casey Jackson,PAY0346,4746.392781385149,2026-12-14
NET0354,Morgan Johnson,PAY0291,881.5019653913849,2026-12-15
NET0382,Morgan Wilson,PAY0331,1916.6205734568005,2026-12-16
NET0976,Quinn Jackson,,4918.752159742094,2026-12-17
NET0821,Avery Moore,PAY0779,1239.4610677162202,2026-12-18
NET0887,Robin Jackson,PAY0217,776.6074781842394,2026-12-19
NET0434,Avery Wilson,PAY0903,3916.365732751204,2026-12-20
NET0516,Riley Thomas,PAY0743,3470.792775238565,2026-12-21
NET0274,Quinn Taylor,PAY0408,3386.59589498702,2026-12-22
NET0362,Jamie Johnson,PAY0998,4561.300092082528,2026-12-23
NET0329,Avery Davis,,760.144232957053,2026-12-24
NET0231,Robin Anderson,PAY0367,3342.2340296969696,2026-12-25
NET0869,Taylor Taylor,PAY0803,3710.1628265963377,2026-12-26
NET0595,Casey Anderson,PAY0470,3471.6273430076235,2026-12-27
NET0490,Robin Taylor,PAY0678,2839.002634413355,2026-12-28
NET0665,Jamie Moore,PAY0003,1830.759911886408,2026-12-29
NET0117,Robin Moore,PAY0596,2309.0126811416653,2026-12-30
NET0895,Jordan Moore,PAY0336,3563.9179583903906,2026-12-31
NET0731,Morgan Anderson,PAY0500,2991.246927015175,2027-01-01
NET0866,Jamie Johnson,PAY0466,1869.4536033792767,2027-01-02
NET0716,Jamie Johnson,PAY0378,3842.138759133432,2027-01-03
NET0210,Robin Johnson,PAY0285,4591.53883940509,2027-01-04
NET0069,Avery Smith,PAY0413,1759.0133514325196,2027-01-06
NET0573,Quinn Thomas,PAY0096,2875.0628102332707,2027-01-07
NET0730,Avery Moore,PAY0649,4642.027662402974,2027-01-08
NET0180,Jamie Taylor,PAY0078,3651.3277874717214,2027-01-09
NET0376,Casey Taylor,PAY0463,2507.850728165038,2027-01-10
NET0726,Alex Wilson,PAY0385,1423.101071224428,2027-01-11
NET0767,Quinn Wilson,PAY0425,2949.913809520144,2027-01-12
NET0899,Casey Johnson,PAY0643,4047.537105395224,2027-01-13
NET0795,Quinn Thomas,PAY0276,3434.1668932858643,2027-01-14
NET0375,Taylor Brown,PAY0724,3638.6193450810592,2027-01-15
NET0393,Riley Davis,PAY0858,4494.537034282384,2027-01-16
NET0796,Jamie Moore,PAY0927,4017.033919091571,2027-01-17
NET0871,Jamie Wilson,PAY0403,1387.830894175068,2027-01-19
NET0851,Quinn Davis,PAY0739,1856.891355509044,2027-01-20
NET0057,Robin Thomas,PAY0330,666.3657756034338,2027-01-21
NET0804,Quinn Jackson,PAY0150,2005.2181613070584,2027-01-22
NET0636,Avery Smith,PAY0256,3762.944070510286,2027-01-23
NET0963,Quinn Wilson,PAY0136,3830.235000397565,2027-01-24
NET0213,Alex Brown,PAY0130,1067.0254069724206,2027-01-25
NET0988,Jordan Wilson,PAY0672,4963.657862943082,2027-01-26
NET0556,Casey Moore,PAY0284,1777.6753676072158,2027-01-27
NET0806,Morgan Jackson,PAY0422,2983.036331125616,2027-01-29
NET0998,Robin Johnson,PAY0139,2846.0113930194816,2027-01-30
NET0304,Morgan Smith,PAY0098,3906.708459262437,2027-01-31
NET0034,Jamie Thomas,PAY0942,1220.123031030579,2027-02-01
NET0769,Taylor Taylor,PAY0527,625.5105138304606,2027-02-02
NET0341,Robin Anderson,PAY0274,4084.6941465861855,2027-02-03
NET0395,Casey Brown,PAY0753,3166.2662078746093,2027-02-04
NET0849,Casey Wilson,PAY0297,1586.0290061312198,2027-02-05
NET0912,Casey Jackson,PAY0766,3983.710042146887,2027-02-06
NET0002,Quinn Johnson,PAY0332,3769.291608798179,2027-02-07
NET0649,Alex Brown,PAY0760,4941.296151084718,2027-02-08
NET0892,Morgan Jackson,PAY0552,996.9885780955684,2027-02-09
NET0890,Alex Johnson,PAY0842,769.7558238143133,2027-02-10
NET0380,Jordan Anderson,PAY0288,2178.404906160414,2027-02-11
NET0190,Robin Anderson,PAY0546,3321.452895430826,2027-02-12
NET0416,Quinn Anderson,PAY0726,2095.1300565686715,2027-02-13
NET0142,Robin Wilson,PAY0584,714.7979282179454,2027-02-14
NET0475,Taylor Thomas,PAY0061,3429.330887168971,2027-02-15
NET0883,Jamie Moore,PAY0987,1061.3741242834624,2027-02-16
NET0025,Robin Johnson,PAY0921,1840.8250069317128,2027-02-17
NET0598,Jordan Jackson,PAY0143,3815.8641310293992,2027-02-18
NET0585,Riley Thomas,PAY0631,2539.162222485328,2027-02-19
NET0471,Jordan Smith,PAY0170,4923.277531284377,2027-02-20
NET0721,Taylor Taylor,PAY0439,4124.244029491479,2027-02-21
NET0166,Quinn Smith,PAY0648,4950.5003550438,2027-02-22
NET0313,Alex Davis,PAY0625,3045.1875196092724,2027-02-23
NET0686,Jordan Davis,PAY0360,4524.525040529127,2027-02-24
NET0492,Morgan Wilson,PAY0706,3324.849583170134,2027-02-25
NET0951,Jordan Moore,PAY0941,2899.798954279951,2027-02-26
NET0093,Jamie Smith,PAY0215,3179.970115812648,2027-02-27
NET0664,Riley Taylor,PAY0243,2076.517107683474,2027-02-28
NET0923,Morgan Brown,PAY0821,1780.409727254142,2027-03-01
NET0788,Robin Thomas,PAY0450,4031.5516827095785,2027-03-02
NET0807,Taylor Thomas,PAY0090,3716.84510691051,2027-03-03
NET0136,Avery Moore,PAY0836,3525.952109171984,2027-03-04
NET0224,Jamie Taylor,PAY0270,3714.57940488678,2027-03-05
NET0417,Alex Taylor,PAY0872,2838.49991350476,2027-03-06
NET0710,Alex Anderson,PAY0954,1614.3499908858623,2027-03-07
NET0013,Jamie Moore,PAY0828,1975.311333865175,2027-03-08
NET0905,Quinn Taylor,PAY0254,3120.6607063598826,2027-03-09
NET0086,Quinn Taylor,PAY0670,4202.792253371125,2027-03-10
NET0247,Robin Wilson,PAY0857,2125.7038976579397,2027-03-11
NET0508,Jamie Taylor,PAY0436,940.9452427885652,2027-03-12
NET0464,Alex Moore,PAY0224,3702.381893363704,2027-03-13
NET0832,Morgan Jackson,,4227.969332443463,2027-03-14
NET0969,Riley Moore,PAY0452,868.7622354560995,2027-03-15
NET0491,Jamie Taylor,PAY0737,779.871526449846,2027-03-16
NET0404,Jamie Davis,PAY0043,4498.291835824288,2027-03-17
NET0544,Robin Jackson,PAY0556,2643.1388219187397,2027-03-18
NET0436,Robin Thomas,PAY0376,2507.7383916923927,2027-03-19
NET0035,Jamie Taylor,PAY0991,2161.823973400153,2027-03-20
NET0517,Jordan Moore,PAY0275,2868.150214198169,2027-03-21
NET0752,Taylor Moore,PAY0837,3147.0775605392305,2027-03-22
NET0482,Morgan Johnson,PAY0587,2835.2524973803106,2027-03-23
NET0961,Avery Johnson,PAY0116,2276.521138281126,2027-03-24
NET0046,Avery Thomas,PAY0813,1686.6216929954808,2027-03-25
NET0428,Taylor Moore,PAY0563,2744.7228756850595,2027-03-26
NET0588,Taylor Johnson,PAY0580,2480.3597971840227,2027-03-28
NET0882,Morgan Wilson,PAY0834,4689.660234489963,2027-03-29
NET0774,Taylor Brown,PAY0173,2702.934800034212,2027-03-30
NET0228,Quinn Brown,PAY0795,4879.72617429607,2027-03-31
NET0844,Jamie Brown,PAY0802,4207.153236365262,2027-04-01
NET0445,Riley Anderson,PAY0231,1149.557816058669,2027-04-02
NET0254,Riley Jackson,PAY0034,3700.1775544860034,2027-04-04
NET0253,Quinn Moore,PAY0300,1082.233345926874,2027-04-05
NET0754,Casey Brown,PAY0226,3670.3610815803295,2027-04-06
NET0439,Riley Johnson,PAY0032,4384.7224591756985,2027-04-07
NET0748,Riley Anderson,PAY0579,1031.261709519611,2027-04-08
NET0015,Jordan Wilson,PAY0085,1456.8914253223363,2027-04-09
NET0286,Quinn Smith,PAY0172,2630.1000278199704,2027-04-10
NET0474,Casey Thomas,,3859.233377171893,2027-04-11
NET0485,Jamie Wilson,PAY0455,4748.313024756462,2027-04-12
NET0606,Riley Anderson,PAY0906,2161.994268355057,2027-04-13
NET0818,Alex Smith,PAY0932,4783.1978874984925,2027-04-14
NET0501,Casey Wilson,,3207.2009618239854,2027-04-15
NET0535,Jamie Johnson,PAY0702,2338.7893661596827,2027-04-16
NET0924,Quinn Jackson,PAY0419,1043.8989264006675,2027-04-17
NET0089,Avery Taylor,PAY0507,3072.9413949188406,2027-04-18
NET0837,Riley Jackson,PAY0669,681.2696371413674,2027-04-19
NET0967,Avery Smith,PAY0518,1189.870298131108,2027-04-20
NET0592,Riley Jackson,PAY0576,2171.603093833928,2027-04-21
NET0175,Taylor Moore,PAY0394,4959.590455033399,2027-04-22
NET0914,Quinn Anderson,PAY0200,1864.6703721800127,2027-04-23
NET0654,Avery Brown,PAY0140,2686.6649324141445,2027-04-24
NET0161,Alex Anderson,PAY0497,4060.416654817106,2027-04-25
NET0619,Jamie Moore,PAY0010,1139.629125796752,2027-04-26
NET0303,Jamie Thomas,PAY0368,3153.309098615545,2027-04-27
NET0826,Morgan Smith,PAY0055,718.929709611035,2027-04-28
NET0352,Taylor Anderson,PAY0635,4524.138177731915,2027-04-29
NET0779,Riley Thomas,PAY0462,4500.757428077388,2027-04-30
NET0176,Avery Jackson,PAY0323,1470.1165506530335,2027-05-01
NET0907,Morgan Moore,PAY0854,4186.062811527188,2027-05-02
NET0470,Casey Wilson,PAY0144,2699.571453104808,2027-05-03
NET0477,Robin Taylor,PAY0296,1050.475574761017,2027-05-04
NET0114,Casey Jackson,PAY0846,2068.920245796743,2027-05-05
NET0935,Alex Moore,PAY0973,4416.919411726825,2027-05-06
NET0288,Jamie Moore,PAY0569,2379.0881944097123,2027-05-07
NET0062,Jamie Thomas,PAY0178,3078.7659130518023,2027-05-08
NET0583,Robin Wilson,PAY0968,3045.937892315424,2027-05-09
NET0920,Jordan Jackson,,4551.29279583845,2027-05-10
NET0033,Morgan Moore,PAY0551,4016.072069837714,2027-05-11
NET0131,Jamie Jackson,PAY0651,2638.5239679744086,2027-05-12
NET0977,Morgan Moore,PAY0499,3740.1507292060223,2027-05-13
NET0999,Jordan Taylor,PAY0881,3225.693695974672,2027-05-14
NET0277,Morgan Jackson,PAY0434,3928.780541742968,2027-05-15
NET0368,Jamie Wilson,PAY0393,2771.437375724846,2027-05-16
NET0956,Avery Taylor,PAY0589,2574.212740566987,2027-05-17
NET0885,Casey Brown,PAY0142,2524.6822610683244,2027-05-18
NET0738,Avery Johnson,PAY0611,2520.83632476942,2027-05-19
NET0469,Robin Thomas,PAY0992,4398.554986531948,2027-05-20
NET0140,Casey Smith,PAY0841,1963.4732894742287,2027-05-21
NET0383,Casey Wilson,PAY0524,4099.152295376858,2027-05-22
NET0397,Morgan Davis,PAY0145,3490.2604058843303,2027-05-23
NET0183,Casey Anderson,PAY0711,2343.327471930966,2027-05-24
NET0466,Taylor Davis,PAY0383,1547.7002751164127,2027-05-25
NET0625,Morgan Brown,PAY0188,2279.287081401724,2027-05-26
NET0222,Jamie Wilson,PAY0120,2934.475028560971,2027-05-27
NET0149,Jamie Thomas,PAY0313,4811.357714362422,2027-05-28
NET0447,Avery Thomas,PAY0245,4505.194242998457,2027-05-29
NET0873,Alex Moore,PAY0121,3811.6075750305354,2027-05-30
NET0852,Quinn Brown,PAY0843,3406.62438346732,2027-05-31
NET0600,Quinn Taylor,PAY0138,4396.79107997765,2027-06-01
NET0483,Morgan Brown,PAY0689,3682.438817706841,2027-06-02
NET0076,Morgan Jackson,PAY0087,3073.976571377303,2027-06-03
NET0226,Morgan Anderson,PAY0605,4082.7145164622234,2027-06-04
NET0385,Alex Taylor,PAY0630,3683.294820709648,2027-06-05
NET0205,Casey Davis,PAY0305,3024.699597829718,2027-06-06
NET0423,Riley Jackson,PAY0898,1057.017251086338,2027-06-07
NET0994,Jordan Anderson,PAY0723,3017.0877045630227,2027-06-08
NET0243,Taylor Thomas,PAY0690,1365.9203000236855,2027-06-09
NET0101,Taylor Wilson,,3284.1682466734533,2027-06-10
NET0234,Riley Davis,,3095.850124279173,2027-06-11
NET0838,Casey Jackson,PAY0850,737.9347369657277,2027-06-12
NET0113,Riley Anderson,PAY0361,3066.0997245303693,2027-06-13
NET0798,Jordan Taylor,PAY0918,1352.2814279609438,2027-06-14
NET0236,Avery Thomas,PAY0849,2641.260614707131,2027-06-15
NET0843,Robin Brown,PAY0602,4535.889261096629,2027-06-16
NET0694,Taylor Jackson,PAY0402,1041.2742939751208,2027-06-17
NET0766,Morgan Wilson,PAY0626,4712.818144957479,2027-06-18
NET0204,Alex Anderson,PAY0398,1308.845306416567,2027-06-19
NET0430,Casey Thomas,PAY0612,585.3811259368905,2027-06-20
NET0334,Jamie Thomas,PAY0321,4040.406707123834,2027-06-21
NET0594,Jamie Wilson,PAY0655,1603.790124756153,2027-06-22
NET0607,Jamie Brown,PAY0541,3675.2796603376314,2027-06-23
NET0456,Jordan Anderson,PAY0502,4494.451229333783,2027-06-24
NET0739,Avery Brown,PAY0687,2499.032612002758,2027-06-25
NET0241,Robin Johnson,PAY0269,4131.144608564282,2027-06-26
NET0073,Taylor Anderson,PAY0117,3230.846695169361,2027-06-27
NET0119,Casey Smith,PAY0469,2308.090393617888,2027-06-28
NET0528,Robin Smith,PAY0202,702.4263978870858,2027-06-29
NET0497,Robin Thomas,PAY0334,4378.8845107132165,2027-06-30
NET0030,Casey Davis,PAY0375,604.6846175924278,2027-07-01
NET0805,Robin Johnson,PAY0192,2466.5783890507078,2027-07-02
NET0952,Casey Davis,PAY0984,2367.213905664207,2027-07-03
NET0877,Alex Moore,PAY0819,4368.4178469744165,2027-07-04
NET0551,Jamie Moore,PAY0105,1928.2209591496687,2027-07-05
NET0054,Morgan Brown,PAY0592,1657.3000692547328,2027-07-06
NET0759,Alex Wilson,PAY0065,1015.9008086401038,2027-07-07
NET0107,Riley Brown,PAY0962,947.0013487190506,2027-07-08
NET0874,Riley Anderson,PAY0829,1256.701967001578,2027-07-09
NET0465,Quinn Smith,PAY0721,1148.1541381926102,2027-07-10
NET0777,Jamie Smith,PAY0964,1649.9953639311425,2027-07-11
NET0825,Jordan Davis,PAY0286,903.3285356612736,2027-07-12
NET0632,Morgan Thomas,PAY0211,1880.5739826317224,2027-07-13
NET0343,Quinn Thomas,PAY0220,2332.743954313833,2027-07-14
NET0258,Robin Johnson,PAY0722,1261.359715946851,2027-07-15
NET0446,Jordan Davis,PAY0005,3265.1394294578954,2027-07-16
NET0215,Jordan Johnson,PAY0399,1963.808132831456,2027-07-17
NET0292,Alex Davis,,622.2703658778427,2027-07-18
NET0373,Robin Jackson,PAY0607,763.2580201410462,2027-07-19
NET0661,Riley Johnson,PAY0461,2254.7287005510107,2027-07-20
NET0056,Jamie Anderson,PAY0203,1940.1865872820647,2027-07-21
NET0045,Quinn Thomas,PAY0629,2357.7026539932904,2027-07-22
NET0687,Alex Thomas,PAY0756,1958.9800585858843,2027-07-23
NET0164,Quinn Davis,PAY0030,2189.809212364992,2027-07-24
NET0181,Morgan Wilson,PAY0406,4224.836293963766,2027-07-25
NET0510,Robin Smith,PAY0443,1044.3481857586762,2027-07-26
NET0486,Quinn Moore,PAY0976,1411.51756106543,2027-07-27
NET0865,Taylor Jackson,PAY0656,3884.601825375265,2027-07-28
NET0702,Robin Brown,PAY0191,3137.130845816508,2027-07-29
NET0153,Jamie Thomas,PAY0189,2718.407484060493,2027-07-30
NET0816,Casey Johnson,PAY0645,3885.754903926668,2027-07-31
NET0116,Avery Thomas,PAY0415,2232.7190583356223,2027-08-01
NET0199,Avery Thomas,PAY0817,1017.866173474445,2027-08-02
NET0055,Avery Smith,PAY0238,772.8439005651622,2027-08-03
NET0284,Robin Anderson,PAY0474,2591.705899603999,2027-08-04
NET0214,Alex Taylor,PAY0437,2331.8440861594822,2027-08-05
NET0676,Casey Wilson,PAY0574,2678.77179481148,2027-08-06
NET0642,Alex Moore,PAY0339,2333.7220538477286,2027-08-07
NET0789,Jamie Moore,PAY0164,1551.8320509181017,2027-08-08
NET0476,Taylor Johnson,PAY0566,4487.701532124003,2027-08-09
NET0225,Quinn Moore,PAY0179,1711.218822697838,2027-08-10
NET0520,Morgan Smith,PAY0529,4835.636095239051,2027-08-11
NET0553,Casey Thomas,PAY0250,3537.93843058342,2027-08-12
NET0780,Casey Brown,PAY0759,1608.4224315986207,2027-08-13
NET0884,Riley Anderson,PAY0169,2996.183525264107,2027-08-14
NET0371,Morgan Brown,PAY0820,4033.463839926355,2027-08-15
NET0634,Jamie Anderson,PAY0967,1870.7577888451915,2027-08-16
NET0098,Alex Wilson,PAY0979,2330.3566463807238,2027-08-17
NET0543,Taylor Smith,PAY0664,877.5876001138263,2027-08-18
NET0121,Taylor Smith,PAY0924,3361.095475047422,2027-08-19
NET0197,Casey Wilson,PAY0870,1415.5560808104804,2027-08-20
NET0242,Avery Taylor,PAY0024,4855.601807241526,2027-08-21
NET0572,Avery Anderson,PAY0118,2179.873492061934,2027-08-22
NET0005,Jordan Smith,PAY0728,4933.889219588395,2027-08-23
NET0429,Taylor Wilson,PAY0830,4019.1064819933968,2027-08-24
NET0357,Casey Smith,PAY0970,2918.9103341606024,2027-08-25
NET0309,Casey Wilson,PAY0308,2406.886054769788,2027-08-26
NET0802,Jamie Moore,PAY0069,4601.717293248959,2027-08-27
NET0847,Robin Taylor,PAY0327,2532.839005351546,2027-08-28
NET0643,Riley Taylor,PAY0464,504.50476375890287,2027-08-29
NET0091,Casey Brown,PAY0714,2590.9342417494577,2027-08-30
NET0627,Riley Anderson,,4232.173031518494,2027-08-31
NET0512,Casey Thomas,PAY0449,1801.622546753025,2027-09-01
NET0735,Jordan Johnson,PAY0100,4874.3681181461925,2027-09-02
NET0185,Robin Johnson,PAY0488,502.4431926815776,2027-09-03
NET0611,Robin Jackson,PAY0926,4700.780672193678,2027-09-04
NET0039,Morgan Thomas,PAY0935,2669.838169439608,2027-09-05
NET0932,Jordan Moore,PAY0534,3190.4048817530293,2027-09-06
NET0626,Jamie Johnson,PAY0212,4277.694747298881,2027-09-07
NET0179,Casey Wilson,PAY0804,2210.690814976308,2027-09-08
NET0245,Jordan Anderson,,2081.3806413931698,2027-09-09
NET0422,Quinn Taylor,PAY0352,3344.931233356845,2027-09-10
NET0462,Morgan Anderson,PAY0320,3133.216249071649,2027-09-11
NET0536,Casey Anderson,PAY0357,2796.4778972111703,2027-09-12
NET0278,Alex Moore,PAY0146,704.6812864122787,2027-09-13
NET0656,Quinn Taylor,PAY0748,3826.323255176856,2027-09-14
NET0147,Jordan Smith,PAY0852,3033.867100735817,2027-09-15
NET0212,Jamie Taylor,PAY0119,1852.8725683966125,2027-09-16
NET0130,Casey Thomas,PAY0980,2278.87205513516,2027-09-17
NET0709,Morgan Smith,PAY0426,1053.3963422271718,2027-09-18
NET0488,Morgan Jackson,PAY0303,1128.426207325101,2027-09-19
NET0792,Riley Smith,PAY0108,3004.155866762218,2027-09-20
NET0812,Morgan Johnson,PAY0495,1757.5623426754532,2027-09-21
NET0827,Taylor Moore,PAY0026,2443.830944216443,2027-09-22
NET0711,Casey Taylor,,3247.003892598235,2027-09-23
NET0427,Quinn Smith,PAY0155,4808.377281645347,2027-09-24
NET0291,Quinn Brown,PAY0513,1932.3677381701189,2027-09-25
NET0909,Riley Moore,PAY0708,3569.4544818575537,2027-09-26
NET0979,Casey Anderson,PAY0603,2041.85865341324,2027-09-27
NET0668,Jamie Jackson,PAY0696,1676.1224002270512,2027-09-28
NET0724,Morgan Thomas,PAY0791,3887.1230049795913,2027-09-29
NET0092,Casey Taylor,PAY0475,2537.2313650590118,2027-09-30
NET0184,Casey Wilson,PAY0401,1606.6772824544205,2027-10-01
NET0008,Taylor Johnson,PAY0384,4923.598762209505,2027-10-02
NET0007,Alex Brown,PAY0457,2037.3341213748415,2027-10-03
NET0083,Riley Thomas,PAY0227,2569.0970369835723,2027-10-04
NET0499,Robin Thomas,PAY0590,3197.8115027998206,2027-10-05
NET0901,Jamie Wilson,PAY0705,571.4357727250608,2027-10-06
NET0017,Jordan Anderson,PAY0595,3613.302771760269,2027-10-07
NET0162,Taylor Jackson,PAY0572,3408.9948136371377,2027-10-08
NET0797,Jordan Anderson,PAY0532,509.2138107086745,2027-10-09
NET0386,Taylor Johnson,PAY0765,2644.380275303547,2027-10-10
NET0628,Morgan Johnson,PAY0523,4556.50247293043,2027-10-11
NET0868,Riley Johnson,PAY0265,2359.2336475927973,2027-10-13
NET0811,Casey Moore,PAY0101,4528.706797467207,2027-10-14
NET0103,Jamie Thomas,PAY0011,3664.848537746036,2027-10-15
NET0137,Avery Wilson,PAY0109,3931.093586739599,2027-10-16
NET0042,Jordan Brown,PAY0441,2921.5915416566245,2027-10-17
NET0596,Morgan Moore,PAY0816,4042.873557249019,2027-10-18
NET0948,Avery Davis,PAY0340,3420.937742521607,2027-10-19
NET0250,Jamie Davis,PAY0771,848.8540233963872,2027-10-20
NET0450,Morgan Davis,PAY0410,639.263842378369,2027-10-21
NET0169,Riley Smith,PAY0972,4244.377390833606,2027-10-22
NET0567,Casey Thomas,PAY0694,3522.2588517017325,2027-10-23
NET0379,Quinn Moore,PAY0661,3525.106609280185,2027-10-24
NET0714,Riley Thomas,PAY0577,2088.4762955768074,2027-10-25
NET0173,Morgan Jackson,PAY0046,4157.5156129426805,2027-10-26
NET0426,Jamie Johnson,PAY0628,4223.600757911048,2027-10-27
NET0776,Jordan Taylor,PAY0663,2110.845832082477,2027-10-28
NET0145,Riley Thomas,PAY0171,1297.3398661327064,2027-10-29
NET0281,Robin Taylor,PAY0364,3955.846299629015,2027-10-30
NET0990,Quinn Johnson,PAY0681,3636.63560470253,2027-10-31
NET0065,Morgan Moore,PAY0674,537.9411918031974,2027-11-01
NET0344,Jamie Anderson,PAY0255,2582.116392755232,2027-11-02
NET0178,Riley Thomas,PAY0788,4713.1153223548745,2027-11-03
NET0608,Casey Brown,PAY0112,2500.599455402306,2027-11-04
NET0047,Avery Jackson,PAY0088,1496.8434411596504,2027-11-05
NET0783,Morgan Brown,PAY0937,589.017513490427,2027-11-06
NET0219,Robin Thomas,PAY0654,1765.1051771826635,2027-11-07
NET0813,Alex Johnson,PAY0609,4646.2941034986825,2027-11-08
NET0857,Avery Brown,PAY0550,2110.194585187752,2027-11-09
NET0330,Jordan Brown,PAY0832,904.8493368421769,2027-11-10
NET0141,Morgan Moore,PAY0917,3260.492189329598,2027-11-11
NET0559,Taylor Moore,PAY0719,1864.303396179268,2027-11-12
NET0590,Avery Wilson,PAY0369,3730.142883920405,2027-11-13
NET0701,Jamie Wilson,PAY0810,1554.160747010529,2027-11-14
NET0124,Taylor Thomas,PAY0038,2722.1390221479105,2027-11-15
NET0333,Jordan Brown,PAY0557,2133.496304344998,2027-11-16
NET0412,Jordan Jackson,PAY0429,1763.403611017543,2027-11-17
NET0695,Avery Johnson,PAY0709,4570.284155519415,2027-11-18
NET0756,Avery Brown,PAY0891,3681.356029414545,2027-11-19
NET0856,Quinn Jackson,PAY0943,1440.8884460636173,2027-11-20
NET0831,Morgan Brown,PAY0946,1382.3905730931897,2027-11-21
NET0346,Quinn Jackson,PAY0519,4195.055617935675,2027-11-22
NET0437,Casey Jackson,PAY0548,2282.3878079597603,2027-11-23
NET0208,Alex Smith,PAY0411,4414.62304627943,2027-11-24
NET0824,Jamie Smith,PAY0597,3060.9600413699845,2027-11-25
